Entity,Code,Year,Number of states in a region (Gleditsch Ward),Number of states in a region (Correlates of War),Number of states in a region (Butcher and Griffiths)
Africa,,1816,5,0,75
Africa,,1817,5,0,76
Africa,,1818,5,0,75
Africa,,1819,5,0,75
Africa,,1820,5,0,75
Africa,,1821,5,0,74
Africa,,1822,5,0,74
Africa,,1823,5,0,76
Africa,,1824,5,0,76
Africa,,1825,5,1,76
Africa,,1826,5,1,76
Africa,,1827,5,1,76
Africa,,1828,5,1,77
Africa,,1829,5,1,77
Africa,,1830,4,1,81
Africa,,1831,4,1,81
Africa,,1832,4,1,82
Africa,,1833,4,1,81
Africa,,1834,4,1,80
Africa,,1835,3,1,80
Africa,,1836,3,1,79
Africa,,1837,3,1,79
Africa,,1838,3,1,79
Africa,,1839,3,1,79
Africa,,1840,3,1,79
Africa,,1841,3,1,81
Africa,,1842,3,1,81
Africa,,1843,3,1,81
Africa,,1844,3,1,81
Africa,,1845,3,1,81
Africa,,1846,3,1,81
Africa,,1847,4,2,81
Africa,,1848,4,2,81
Africa,,1849,4,2,81
Africa,,1850,4,2,80
Africa,,1851,4,2,80
Africa,,1852,5,2,82
Africa,,1853,5,2,82
Africa,,1854,6,2,83
Africa,,1855,7,2,81
Africa,,1856,7,2,82
Africa,,1857,7,2,82
Africa,,1858,7,2,82
Africa,,1859,7,2,82
Africa,,1860,7,2,83
Africa,,1861,7,2,81
Africa,,1862,7,2,82
Africa,,1863,7,2,80
Africa,,1864,7,2,79
Africa,,1865,7,2,79
Africa,,1866,7,2,78
Africa,,1867,7,2,78
Africa,,1868,7,2,76
Africa,,1869,7,2,76
Africa,,1870,7,2,76
Africa,,1871,7,2,75
Africa,,1872,7,2,75
Africa,,1873,7,2,74
Africa,,1874,7,2,72
Africa,,1875,7,2,72
Africa,,1876,7,2,71
Africa,,1877,7,2,70
Africa,,1878,7,2,71
Africa,,1879,7,2,70
Africa,,1880,7,2,72
Africa,,1881,6,2,71
Africa,,1882,6,1,69
Africa,,1883,6,1,69
Africa,,1884,6,1,68
Africa,,1885,6,1,68
Africa,,1886,6,1,66
Africa,,1887,6,1,59
Africa,,1888,6,1,59
Africa,,1889,6,1,55
Africa,,1890,6,1,52
Africa,,1891,6,1,48
Africa,,1892,6,1,45
Africa,,1893,6,1,42
Africa,,1894,6,1,37
Africa,,1895,6,1,32
Africa,,1896,5,1,29
Africa,,1897,5,1,26
Africa,,1898,5,2,23
Africa,,1899,5,2,20
Africa,,1900,5,2,20
Africa,,1901,5,2,17
Africa,,1902,5,2,14
Africa,,1903,5,2,10
Africa,,1904,4,2,10
Africa,,1905,4,2,9
Africa,,1906,4,2,8
Africa,,1907,4,2,8
Africa,,1908,4,2,8
Africa,,1909,4,2,6
Africa,,1910,3,2,6
Africa,,1911,3,2,6
Africa,,1912,3,2,4
Africa,,1913,3,1,4
Africa,,1914,3,1,4
Africa,,1915,3,1,4
Africa,,1916,3,1,4
Africa,,1917,3,1,4
Africa,,1918,3,1,4
Africa,,1919,3,1,4
Africa,,1920,3,3,4
Africa,,1921,3,3,4
Africa,,1922,3,3,4
Africa,,1923,3,3,4
Africa,,1924,3,3,4
Africa,,1925,3,3,4
Africa,,1926,3,3,4
Africa,,1927,3,3,4
Africa,,1928,3,3,4
Africa,,1929,3,3,4
Africa,,1930,3,3,4
Africa,,1931,3,3,4
Africa,,1932,3,3,4
Africa,,1933,3,3,4
Africa,,1934,3,3,4
Africa,,1935,3,3,4
Africa,,1936,3,3,3
Africa,,1937,3,2,3
Africa,,1938,3,2,3
Africa,,1939,3,2,3
Africa,,1940,3,2,3
Africa,,1941,3,3,4
Africa,,1942,3,3,4
Africa,,1943,3,3,4
Africa,,1944,3,3,4
Africa,,1945,3,3,3
Africa,,1946,3,3,3
Africa,,1947,3,3,3
Africa,,1948,3,3,3
Africa,,1949,3,3,3
Africa,,1950,3,3,3
Africa,,1951,4,4,4
Africa,,1952,4,4,4
Africa,,1953,4,4,4
Africa,,1954,4,4,4
Africa,,1955,4,4,4
Africa,,1956,7,7,7
Africa,,1957,8,8,8
Africa,,1958,9,9,9
Africa,,1959,9,9,9
Africa,,1960,26,26,26
Africa,,1961,28,28,28
Africa,,1962,32,32,32
Africa,,1963,34,34,34
Africa,,1964,35,36,35
Africa,,1965,37,37,37
Africa,,1966,39,39,39
Africa,,1967,39,39,39
Africa,,1968,42,42,42
Africa,,1969,42,42,42
Africa,,1970,42,42,42
Africa,,1971,42,42,42
Africa,,1972,42,42,42
Africa,,1973,42,42,42
Africa,,1974,43,43,43
Africa,,1975,48,48,48
Africa,,1976,49,49,49
Africa,,1977,50,50,50
Africa,,1978,50,50,50
Africa,,1979,50,50,50
Africa,,1980,50,50,50
Africa,,1981,50,50,50
Africa,,1982,50,50,50
Africa,,1983,50,50,50
Africa,,1984,50,50,50
Africa,,1985,50,50,50
Africa,,1986,50,50,50
Africa,,1987,50,50,50
Africa,,1988,50,50,50
Africa,,1989,50,50,50
Africa,,1990,51,51,51
Africa,,1991,51,51,51
Africa,,1992,51,51,51
Africa,,1993,52,52,52
Africa,,1994,52,52,52
Africa,,1995,52,52,52
Africa,,1996,52,52,52
Africa,,1997,52,52,52
Africa,,1998,52,52,52
Africa,,1999,52,52,52
Africa,,2000,52,52,52
Africa,,2001,52,52,52
Africa,,2002,52,52,52
Africa,,2003,52,52,52
Africa,,2004,52,52,52
Africa,,2005,52,52,52
Africa,,2006,52,52,52
Africa,,2007,52,52,52
Africa,,2008,52,52,52
Africa,,2009,52,52,52
Africa,,2010,52,52,52
Africa,,2011,53,53,53
Africa,,2012,53,53,53
Africa,,2013,53,53,53
Africa,,2014,53,53,53
Africa,,2015,53,53,53
Africa,,2016,53,53,53
Africa,,2017,53,53,53
Africa,,2018,53,53,53
Africa,,2019,53,53,53
Africa,,2020,53,53,53
Africa,,2021,53,53,53
Africa,,2022,53,53,53
Africa,,2023,53,,
Africa,,2024,53,,
Africa,,2025,53,,
Africa,,2026,53,,
Africa,,2027,53,,
Africa,,2028,53,,
Africa,,2029,53,,
Africa,,2030,53,,
Africa,,2031,53,,
Africa,,2032,53,,
Africa,,2033,53,,
Africa,,2034,53,,
Africa,,2035,53,,
Africa,,2036,53,,
Africa,,2037,53,,
Africa,,2038,53,,
Africa,,2039,53,,
Africa,,2040,53,,
Africa,,2041,53,,
Africa,,2042,53,,
Africa,,2043,53,,
Africa,,2044,53,,
Africa,,2045,53,,
Africa,,2046,53,,
Africa,,2047,53,,
Africa,,2048,53,,
Africa,,2049,53,,
Africa,,2050,53,,
Africa,,2051,53,,
Africa,,2052,53,,
Africa,,2053,53,,
Africa,,2054,53,,
Africa,,2055,53,,
Africa,,2056,53,,
Africa,,2057,53,,
Africa,,2058,53,,
Africa,,2059,53,,
Africa,,2060,53,,
Africa,,2061,53,,
Africa,,2062,53,,
Africa,,2063,53,,
Africa,,2064,53,,
Africa,,2065,53,,
Africa,,2066,53,,
Africa,,2067,53,,
Africa,,2068,53,,
Africa,,2069,53,,
Africa,,2070,53,,
Africa,,2071,53,,
Africa,,2072,53,,
Africa,,2073,53,,
Africa,,2074,53,,
Africa,,2075,53,,
Africa,,2076,53,,
Africa,,2077,53,,
Africa,,2078,53,,
Africa,,2079,53,,
Africa,,2080,53,,
Africa,,2081,53,,
Africa,,2082,53,,
Africa,,2083,53,,
Africa,,2084,53,,
Africa,,2085,53,,
Africa,,2086,53,,
Africa,,2087,53,,
Africa,,2088,53,,
Africa,,2089,53,,
Africa,,2090,53,,
Africa,,2091,53,,
Africa,,2092,53,,
Africa,,2093,53,,
Africa,,2094,53,,
Africa,,2095,53,,
Africa,,2096,53,,
Africa,,2097,53,,
Africa,,2098,53,,
Africa,,2099,53,,
Africa,,2100,53,,
Americas,,1816,4,1,5
Americas,,1817,4,1,5
Americas,,1818,5,1,6
Americas,,1819,5,1,7
Americas,,1820,5,1,7
Americas,,1821,7,1,9
Americas,,1822,8,2,10
Americas,,1823,9,2,11
Americas,,1824,10,2,11
Americas,,1825,11,2,12
Americas,,1826,11,2,12
Americas,,1827,11,2,12
Americas,,1828,11,2,13
Americas,,1829,12,2,13
Americas,,1830,14,2,15
Americas,,1831,14,4,15
Americas,,1832,14,4,15
Americas,,1833,14,4,15
Americas,,1834,14,4,15
Americas,,1835,14,4,15
Americas,,1836,14,4,14
Americas,,1837,14,4,15
Americas,,1838,14,4,15
Americas,,1839,14,6,15
Americas,,1840,18,6,20
Americas,,1841,18,8,20
Americas,,1842,18,8,20
Americas,,1843,18,8,20
Americas,,1844,19,8,21
Americas,,1845,19,8,21
Americas,,1846,19,9,20
Americas,,1847,19,9,20
Americas,,1848,19,10,20
Americas,,1849,19,10,20
Americas,,1850,19,10,20
Americas,,1851,19,10,20
Americas,,1852,19,10,20
Americas,,1853,19,10,20
Americas,,1854,19,11,20
Americas,,1855,19,11,20
Americas,,1856,19,11,20
Americas,,1857,19,11,20
Americas,,1858,19,11,20
Americas,,1859,19,12,20
Americas,,1860,19,12,20
Americas,,1861,19,12,19
Americas,,1862,19,12,19
Americas,,1863,19,12,19
Americas,,1864,19,12,19
Americas,,1865,19,12,20
Americas,,1866,19,12,20
Americas,,1867,20,12,20
Americas,,1868,20,13,20
Americas,,1869,20,13,20
Americas,,1870,20,13,20
Americas,,1871,20,12,20
Americas,,1872,20,12,20
Americas,,1873,20,12,20
Americas,,1874,20,12,20
Americas,,1875,20,13,20
Americas,,1876,20,14,20
Americas,,1877,20,14,20
Americas,,1878,20,14,20
Americas,,1879,20,14,20
Americas,,1880,20,14,20
Americas,,1881,20,14,20
Americas,,1882,20,15,20
Americas,,1883,20,15,20
Americas,,1884,20,15,20
Americas,,1885,20,15,20
Americas,,1886,20,15,20
Americas,,1887,20,15,20
Americas,,1888,20,15,20
Americas,,1889,20,15,20
Americas,,1890,20,15,20
Americas,,1891,20,15,20
Americas,,1892,20,15,20
Americas,,1893,20,15,20
Americas,,1894,20,16,20
Americas,,1895,20,16,20
Americas,,1896,20,16,20
Americas,,1897,20,16,20
Americas,,1898,20,16,19
Americas,,1899,20,17,19
Americas,,1900,20,18,19
Americas,,1901,20,18,19
Americas,,1902,21,19,20
Americas,,1903,22,20,21
Americas,,1904,22,20,21
Americas,,1905,22,20,21
Americas,,1906,22,20,20
Americas,,1907,22,19,20
Americas,,1908,22,19,20
Americas,,1909,22,20,21
Americas,,1910,22,20,21
Americas,,1911,22,20,21
Americas,,1912,22,20,21
Americas,,1913,22,20,21
Americas,,1914,22,20,21
Americas,,1915,21,20,20
Americas,,1916,21,19,19
Americas,,1917,21,18,19
Americas,,1918,21,18,19
Americas,,1919,21,18,19
Americas,,1920,21,20,20
Americas,,1921,21,20,20
Americas,,1922,21,20,20
Americas,,1923,21,20,20
Americas,,1924,21,21,21
Americas,,1925,21,21,21
Americas,,1926,21,21,21
Americas,,1927,21,21,21
Americas,,1928,21,21,21
Americas,,1929,21,21,21
Americas,,1930,21,21,21
Americas,,1931,21,21,21
Americas,,1932,21,21,21
Americas,,1933,21,21,21
Americas,,1934,22,22,22
Americas,,1935,22,22,22
Americas,,1936,22,22,22
Americas,,1937,22,22,22
Americas,,1938,22,22,22
Americas,,1939,22,22,22
Americas,,1940,22,22,22
Americas,,1941,22,22,22
Americas,,1942,22,22,22
Americas,,1943,22,22,22
Americas,,1944,22,22,22
Americas,,1945,22,22,22
Americas,,1946,22,22,22
Americas,,1947,22,22,22
Americas,,1948,22,22,22
Americas,,1949,22,22,22
Americas,,1950,22,22,22
Americas,,1951,22,22,22
Americas,,1952,22,22,22
Americas,,1953,22,22,22
Americas,,1954,22,22,22
Americas,,1955,22,22,22
Americas,,1956,22,22,22
Americas,,1957,22,22,22
Americas,,1958,22,22,22
Americas,,1959,22,22,22
Americas,,1960,22,22,22
Americas,,1961,22,22,22
Americas,,1962,24,24,24
Americas,,1963,24,24,24
Americas,,1964,24,24,24
Americas,,1965,24,24,24
Americas,,1966,26,26,26
Americas,,1967,26,26,26
Americas,,1968,26,26,26
Americas,,1969,26,26,26
Americas,,1970,26,26,26
Americas,,1971,26,26,26
Americas,,1972,26,26,26
Americas,,1973,27,27,27
Americas,,1974,28,28,28
Americas,,1975,29,29,29
Americas,,1976,29,29,29
Americas,,1977,29,29,29
Americas,,1978,30,30,30
Americas,,1979,32,32,32
Americas,,1980,32,32,32
Americas,,1981,34,34,34
Americas,,1982,34,34,34
Americas,,1983,35,35,35
Americas,,1984,35,35,35
Americas,,1985,35,35,35
Americas,,1986,35,35,35
Americas,,1987,35,35,35
Americas,,1988,35,35,35
Americas,,1989,35,35,35
Americas,,1990,35,35,35
Americas,,1991,35,35,35
Americas,,1992,35,35,35
Americas,,1993,35,35,35
Americas,,1994,35,35,35
Americas,,1995,35,35,35
Americas,,1996,35,35,35
Americas,,1997,35,35,35
Americas,,1998,35,35,35
Americas,,1999,35,35,35
Americas,,2000,35,35,35
Americas,,2001,35,35,35
Americas,,2002,35,35,35
Americas,,2003,35,35,35
Americas,,2004,35,35,35
Americas,,2005,35,35,35
Americas,,2006,35,35,35
Americas,,2007,35,35,35
Americas,,2008,35,35,35
Americas,,2009,35,35,35
Americas,,2010,35,35,35
Americas,,2011,35,35,35
Americas,,2012,35,35,35
Americas,,2013,35,35,35
Americas,,2014,35,35,35
Americas,,2015,35,35,35
Americas,,2016,35,35,35
Americas,,2017,35,35,35
Americas,,2018,35,35,35
Americas,,2019,35,35,35
Americas,,2020,35,35,35
Americas,,2021,35,35,35
Americas,,2022,35,35,35
Americas,,2023,35,,
Americas,,2024,35,,
Americas,,2025,35,,
Americas,,2026,35,,
Americas,,2027,35,,
Americas,,2028,35,,
Americas,,2029,35,,
Americas,,2030,35,,
Americas,,2031,35,,
Americas,,2032,35,,
Americas,,2033,35,,
Americas,,2034,35,,
Americas,,2035,35,,
Americas,,2036,35,,
Americas,,2037,35,,
Americas,,2038,35,,
Americas,,2039,35,,
Americas,,2040,35,,
Americas,,2041,35,,
Americas,,2042,35,,
Americas,,2043,35,,
Americas,,2044,35,,
Americas,,2045,35,,
Americas,,2046,35,,
Americas,,2047,35,,
Americas,,2048,35,,
Americas,,2049,35,,
Americas,,2050,35,,
Americas,,2051,35,,
Americas,,2052,35,,
Americas,,2053,35,,
Americas,,2054,35,,
Americas,,2055,35,,
Americas,,2056,35,,
Americas,,2057,35,,
Americas,,2058,35,,
Americas,,2059,35,,
Americas,,2060,35,,
Americas,,2061,35,,
Americas,,2062,35,,
Americas,,2063,35,,
Americas,,2064,35,,
Americas,,2065,35,,
Americas,,2066,35,,
Americas,,2067,35,,
Americas,,2068,35,,
Americas,,2069,35,,
Americas,,2070,35,,
Americas,,2071,35,,
Americas,,2072,35,,
Americas,,2073,35,,
Americas,,2074,35,,
Americas,,2075,35,,
Americas,,2076,35,,
Americas,,2077,35,,
Americas,,2078,35,,
Americas,,2079,35,,
Americas,,2080,35,,
Americas,,2081,35,,
Americas,,2082,35,,
Americas,,2083,35,,
Americas,,2084,35,,
Americas,,2085,35,,
Americas,,2086,35,,
Americas,,2087,35,,
Americas,,2088,35,,
Americas,,2089,35,,
Americas,,2090,35,,
Americas,,2091,35,,
Americas,,2092,35,,
Americas,,2093,35,,
Americas,,2094,35,,
Americas,,2095,35,,
Americas,,2096,35,,
Americas,,2097,35,,
Americas,,2098,35,,
Americas,,2099,35,,
Americas,,2100,35,,
Asia and Oceania,,1816,8,0,85
Asia and Oceania,,1817,8,0,83
Asia and Oceania,,1818,8,0,79
Asia and Oceania,,1819,8,0,72
Asia and Oceania,,1820,8,0,71
Asia and Oceania,,1821,8,0,69
Asia and Oceania,,1822,8,0,67
Asia and Oceania,,1823,8,0,66
Asia and Oceania,,1824,8,0,64
Asia and Oceania,,1825,8,0,63
Asia and Oceania,,1826,8,0,64
Asia and Oceania,,1827,8,0,62
Asia and Oceania,,1828,8,0,61
Asia and Oceania,,1829,8,0,61
Asia and Oceania,,1830,8,0,60
Asia and Oceania,,1831,8,0,59
Asia and Oceania,,1832,8,0,58
Asia and Oceania,,1833,8,0,58
Asia and Oceania,,1834,8,0,58
Asia and Oceania,,1835,8,0,54
Asia and Oceania,,1836,8,0,55
Asia and Oceania,,1837,8,0,56
Asia and Oceania,,1838,8,0,53
Asia and Oceania,,1839,8,0,52
Asia and Oceania,,1840,8,0,51
Asia and Oceania,,1841,8,0,52
Asia and Oceania,,1842,8,0,51
Asia and Oceania,,1843,8,0,50
Asia and Oceania,,1844,8,0,49
Asia and Oceania,,1845,8,0,49
Asia and Oceania,,1846,8,0,48
Asia and Oceania,,1847,8,0,48
Asia and Oceania,,1848,8,0,48
Asia and Oceania,,1849,8,0,50
Asia and Oceania,,1850,8,0,48
Asia and Oceania,,1851,8,0,48
Asia and Oceania,,1852,8,0,47
Asia and Oceania,,1853,8,0,47
Asia and Oceania,,1854,8,0,46
Asia and Oceania,,1855,8,0,46
Asia and Oceania,,1856,8,0,46
Asia and Oceania,,1857,8,0,46
Asia and Oceania,,1858,8,0,46
Asia and Oceania,,1859,8,0,45
Asia and Oceania,,1860,8,2,44
Asia and Oceania,,1861,8,2,42
Asia and Oceania,,1862,8,2,40
Asia and Oceania,,1863,8,2,41
Asia and Oceania,,1864,8,2,40
Asia and Oceania,,1865,8,2,39
Asia and Oceania,,1866,8,2,40
Asia and Oceania,,1867,8,2,40
Asia and Oceania,,1868,8,2,39
Asia and Oceania,,1869,8,2,39
Asia and Oceania,,1870,8,2,39
Asia and Oceania,,1871,8,2,40
Asia and Oceania,,1872,8,2,40
Asia and Oceania,,1873,8,2,39
Asia and Oceania,,1874,8,2,37
Asia and Oceania,,1875,8,2,35
Asia and Oceania,,1876,8,2,34
Asia and Oceania,,1877,8,2,33
Asia and Oceania,,1878,8,2,33
Asia and Oceania,,1879,8,2,31
Asia and Oceania,,1880,8,2,31
Asia and Oceania,,1881,8,2,31
Asia and Oceania,,1882,8,2,31
Asia and Oceania,,1883,8,2,30
Asia and Oceania,,1884,8,2,30
Asia and Oceania,,1885,8,2,28
Asia and Oceania,,1886,7,2,26
Asia and Oceania,,1887,7,4,25
Asia and Oceania,,1888,6,4,22
Asia and Oceania,,1889,6,4,21
Asia and Oceania,,1890,6,4,21
Asia and Oceania,,1891,6,4,20
Asia and Oceania,,1892,6,4,19
Asia and Oceania,,1893,5,4,20
Asia and Oceania,,1894,5,4,19
Asia and Oceania,,1895,5,4,18
Asia and Oceania,,1896,5,4,17
Asia and Oceania,,1897,5,4,17
Asia and Oceania,,1898,5,4,17
Asia and Oceania,,1899,5,4,17
Asia and Oceania,,1900,5,4,16
Asia and Oceania,,1901,6,4,15
Asia and Oceania,,1902,6,4,15
Asia and Oceania,,1903,6,4,14
Asia and Oceania,,1904,6,4,14
Asia and Oceania,,1905,6,4,13
Asia and Oceania,,1906,6,3,12
Asia and Oceania,,1907,7,3,9
Asia and Oceania,,1908,7,3,9
Asia and Oceania,,1909,7,3,8
Asia and Oceania,,1910,6,3,7
Asia and Oceania,,1911,6,3,5
Asia and Oceania,,1912,6,3,5
Asia and Oceania,,1913,7,3,5
Asia and Oceania,,1914,7,3,5
Asia and Oceania,,1915,7,3,5
Asia and Oceania,,1916,7,3,5
Asia and Oceania,,1917,7,3,5
Asia and Oceania,,1918,7,3,5
Asia and Oceania,,1919,8,4,6
Asia and Oceania,,1920,8,7,8
Asia and Oceania,,1921,9,8,9
Asia and Oceania,,1922,9,8,9
Asia and Oceania,,1923,9,8,9
Asia and Oceania,,1924,9,8,9
Asia and Oceania,,1925,9,8,9
Asia and Oceania,,1926,9,8,9
Asia and Oceania,,1927,9,8,9
Asia and Oceania,,1928,9,8,9
Asia and Oceania,,1929,9,8,9
Asia and Oceania,,1930,9,8,9
Asia and Oceania,,1931,9,8,9
Asia and Oceania,,1932,9,8,9
Asia and Oceania,,1933,9,8,9
Asia and Oceania,,1934,9,8,9
Asia and Oceania,,1935,9,8,9
Asia and Oceania,,1936,9,8,9
Asia and Oceania,,1937,9,8,9
Asia and Oceania,,1938,9,8,9
Asia and Oceania,,1939,9,8,9
Asia and Oceania,,1940,9,8,9
Asia and Oceania,,1941,9,8,9
Asia and Oceania,,1942,9,8,9
Asia and Oceania,,1943,9,8,9
Asia and Oceania,,1944,9,8,9
Asia and Oceania,,1945,10,8,8
Asia and Oceania,,1946,11,8,9
Asia and Oceania,,1947,13,10,11
Asia and Oceania,,1948,17,13,14
Asia and Oceania,,1949,19,16,17
Asia and Oceania,,1950,18,16,17
Asia and Oceania,,1951,18,16,16
Asia and Oceania,,1952,18,17,17
Asia and Oceania,,1953,19,19,19
Asia and Oceania,,1954,22,21,21
Asia and Oceania,,1955,22,21,21
Asia and Oceania,,1956,22,21,21
Asia and Oceania,,1957,23,22,22
Asia and Oceania,,1958,23,22,22
Asia and Oceania,,1959,23,22,22
Asia and Oceania,,1960,23,22,22
Asia and Oceania,,1961,23,22,22
Asia and Oceania,,1962,24,22,23
Asia and Oceania,,1963,24,22,23
Asia and Oceania,,1964,24,22,23
Asia and Oceania,,1965,26,24,25
Asia and Oceania,,1966,26,24,25
Asia and Oceania,,1967,26,24,25
Asia and Oceania,,1968,27,24,26
Asia and Oceania,,1969,27,24,26
Asia and Oceania,,1970,29,25,28
Asia and Oceania,,1971,30,27,29
Asia and Oceania,,1972,30,27,30
Asia and Oceania,,1973,30,27,30
Asia and Oceania,,1974,30,27,30
Asia and Oceania,,1975,30,28,30
Asia and Oceania,,1976,30,28,30
Asia and Oceania,,1977,30,28,30
Asia and Oceania,,1978,32,29,32
Asia and Oceania,,1979,33,29,33
Asia and Oceania,,1980,34,29,34
Asia and Oceania,,1981,34,30,34
Asia and Oceania,,1982,34,30,34
Asia and Oceania,,1983,34,30,34
Asia and Oceania,,1984,35,31,35
Asia and Oceania,,1985,35,31,35
Asia and Oceania,,1986,37,31,37
Asia and Oceania,,1987,37,31,37
Asia and Oceania,,1988,37,31,37
Asia and Oceania,,1989,37,31,37
Asia and Oceania,,1990,37,31,37
Asia and Oceania,,1991,42,38,42
Asia and Oceania,,1992,42,38,42
Asia and Oceania,,1993,42,38,42
Asia and Oceania,,1994,43,39,43
Asia and Oceania,,1995,43,39,43
Asia and Oceania,,1996,43,39,43
Asia and Oceania,,1997,43,39,43
Asia and Oceania,,1998,43,39,43
Asia and Oceania,,1999,43,42,43
Asia and Oceania,,2000,43,43,43
Asia and Oceania,,2001,43,43,43
Asia and Oceania,,2002,44,44,44
Asia and Oceania,,2003,44,44,44
Asia and Oceania,,2004,44,44,44
Asia and Oceania,,2005,44,44,44
Asia and Oceania,,2006,44,44,44
Asia and Oceania,,2007,44,44,44
Asia and Oceania,,2008,44,44,44
Asia and Oceania,,2009,44,44,44
Asia and Oceania,,2010,44,44,44
Asia and Oceania,,2011,44,44,44
Asia and Oceania,,2012,44,44,44
Asia and Oceania,,2013,44,44,44
Asia and Oceania,,2014,44,44,44
Asia and Oceania,,2015,44,44,44
Asia and Oceania,,2016,44,44,44
Asia and Oceania,,2017,44,44,44
Asia and Oceania,,2018,44,44,44
Asia and Oceania,,2019,44,44,44
Asia and Oceania,,2020,44,44,44
Asia and Oceania,,2021,44,44,44
Asia and Oceania,,2022,44,44,44
Asia and Oceania,,2023,44,,
Asia and Oceania,,2024,44,,
Asia and Oceania,,2025,44,,
Asia and Oceania,,2026,44,,
Asia and Oceania,,2027,44,,
Asia and Oceania,,2028,44,,
Asia and Oceania,,2029,44,,
Asia and Oceania,,2030,44,,
Asia and Oceania,,2031,44,,
Asia and Oceania,,2032,44,,
Asia and Oceania,,2033,44,,
Asia and Oceania,,2034,44,,
Asia and Oceania,,2035,44,,
Asia and Oceania,,2036,44,,
Asia and Oceania,,2037,44,,
Asia and Oceania,,2038,44,,
Asia and Oceania,,2039,44,,
Asia and Oceania,,2040,44,,
Asia and Oceania,,2041,44,,
Asia and Oceania,,2042,44,,
Asia and Oceania,,2043,44,,
Asia and Oceania,,2044,44,,
Asia and Oceania,,2045,44,,
Asia and Oceania,,2046,44,,
Asia and Oceania,,2047,44,,
Asia and Oceania,,2048,44,,
Asia and Oceania,,2049,44,,
Asia and Oceania,,2050,44,,
Asia and Oceania,,2051,44,,
Asia and Oceania,,2052,44,,
Asia and Oceania,,2053,44,,
Asia and Oceania,,2054,44,,
Asia and Oceania,,2055,44,,
Asia and Oceania,,2056,44,,
Asia and Oceania,,2057,44,,
Asia and Oceania,,2058,44,,
Asia and Oceania,,2059,44,,
Asia and Oceania,,2060,44,,
Asia and Oceania,,2061,44,,
Asia and Oceania,,2062,44,,
Asia and Oceania,,2063,44,,
Asia and Oceania,,2064,44,,
Asia and Oceania,,2065,44,,
Asia and Oceania,,2066,44,,
Asia and Oceania,,2067,44,,
Asia and Oceania,,2068,44,,
Asia and Oceania,,2069,44,,
Asia and Oceania,,2070,44,,
Asia and Oceania,,2071,44,,
Asia and Oceania,,2072,44,,
Asia and Oceania,,2073,44,,
Asia and Oceania,,2074,44,,
Asia and Oceania,,2075,44,,
Asia and Oceania,,2076,44,,
Asia and Oceania,,2077,44,,
Asia and Oceania,,2078,44,,
Asia and Oceania,,2079,44,,
Asia and Oceania,,2080,44,,
Asia and Oceania,,2081,44,,
Asia and Oceania,,2082,44,,
Asia and Oceania,,2083,44,,
Asia and Oceania,,2084,44,,
Asia and Oceania,,2085,44,,
Asia and Oceania,,2086,44,,
Asia and Oceania,,2087,44,,
Asia and Oceania,,2088,44,,
Asia and Oceania,,2089,44,,
Asia and Oceania,,2090,44,,
Asia and Oceania,,2091,44,,
Asia and Oceania,,2092,44,,
Asia and Oceania,,2093,44,,
Asia and Oceania,,2094,44,,
Asia and Oceania,,2095,44,,
Asia and Oceania,,2096,44,,
Asia and Oceania,,2097,44,,
Asia and Oceania,,2098,44,,
Asia and Oceania,,2099,44,,
Asia and Oceania,,2100,44,,
Europe,,1816,29,21,50
Europe,,1817,29,21,50
Europe,,1818,29,21,50
Europe,,1819,29,21,50
Europe,,1820,29,21,50
Europe,,1821,29,21,50
Europe,,1822,29,21,50
Europe,,1823,29,21,50
Europe,,1824,29,21,50
Europe,,1825,29,21,50
Europe,,1826,29,21,52
Europe,,1827,29,21,52
Europe,,1828,30,22,53
Europe,,1829,30,22,53
Europe,,1830,31,23,54
Europe,,1831,31,23,54
Europe,,1832,31,23,54
Europe,,1833,31,23,54
Europe,,1834,31,23,55
Europe,,1835,31,23,55
Europe,,1836,31,23,55
Europe,,1837,31,24,55
Europe,,1838,31,24,55
Europe,,1839,31,24,55
Europe,,1840,31,24,55
Europe,,1841,31,24,55
Europe,,1842,31,25,55
Europe,,1843,31,26,55
Europe,,1844,31,26,55
Europe,,1845,31,26,55
Europe,,1846,31,26,55
Europe,,1847,31,26,53
Europe,,1848,31,26,53
Europe,,1849,31,26,51
Europe,,1850,31,26,51
Europe,,1851,31,27,51
Europe,,1852,31,27,51
Europe,,1853,31,27,51
Europe,,1854,31,27,51
Europe,,1855,31,27,51
Europe,,1856,31,27,51
Europe,,1857,31,27,51
Europe,,1858,31,27,51
Europe,,1859,31,27,51
Europe,,1860,31,27,46
Europe,,1861,27,23,46
Europe,,1862,27,22,46
Europe,,1863,27,22,45
Europe,,1864,27,22,45
Europe,,1865,27,22,45
Europe,,1866,27,22,20
Europe,,1867,28,20,19
Europe,,1868,29,17,19
Europe,,1869,29,17,19
Europe,,1870,28,17,17
Europe,,1871,20,17,15
Europe,,1872,20,14,15
Europe,,1873,20,14,15
Europe,,1874,20,14,15
Europe,,1875,20,14,15
Europe,,1876,20,14,15
Europe,,1877,20,14,15
Europe,,1878,23,16,18
Europe,,1879,23,16,18
Europe,,1880,23,16,18
Europe,,1881,23,16,18
Europe,,1882,23,16,18
Europe,,1883,23,16,18
Europe,,1884,23,16,18
Europe,,1885,23,16,18
Europe,,1886,23,16,18
Europe,,1887,23,16,18
Europe,,1888,23,16,18
Europe,,1889,23,16,18
Europe,,1890,23,16,19
Europe,,1891,23,16,19
Europe,,1892,23,16,19
Europe,,1893,23,16,19
Europe,,1894,23,16,19
Europe,,1895,23,16,19
Europe,,1896,23,16,19
Europe,,1897,23,16,19
Europe,,1898,23,16,19
Europe,,1899,23,16,19
Europe,,1900,23,16,19
Europe,,1901,23,16,19
Europe,,1902,23,16,19
Europe,,1903,23,16,19
Europe,,1904,23,16,19
Europe,,1905,24,17,20
Europe,,1906,24,17,20
Europe,,1907,24,17,20
Europe,,1908,24,18,21
Europe,,1909,24,18,21
Europe,,1910,24,18,21
Europe,,1911,24,18,21
Europe,,1912,24,18,21
Europe,,1913,25,18,22
Europe,,1914,25,19,22
Europe,,1915,23,19,22
Europe,,1916,23,19,22
Europe,,1917,24,20,23
Europe,,1918,31,26,28
Europe,,1919,31,26,28
Europe,,1920,31,27,28
Europe,,1921,32,27,28
Europe,,1922,32,28,29
Europe,,1923,32,28,29
Europe,,1924,32,28,29
Europe,,1925,32,28,29
Europe,,1926,32,28,29
Europe,,1927,32,28,29
Europe,,1928,32,28,29
Europe,,1929,32,28,29
Europe,,1930,32,28,29
Europe,,1931,32,28,29
Europe,,1932,32,28,29
Europe,,1933,32,28,29
Europe,,1934,32,28,29
Europe,,1935,32,28,29
Europe,,1936,32,28,29
Europe,,1937,32,28,29
Europe,,1938,32,28,28
Europe,,1939,32,27,25
Europe,,1940,29,24,17
Europe,,1941,29,16,15
Europe,,1942,29,14,14
Europe,,1943,29,13,14
Europe,,1944,30,19,20
Europe,,1945,29,25,25
Europe,,1946,29,24,25
Europe,,1947,29,24,25
Europe,,1948,29,24,25
Europe,,1949,31,24,25
Europe,,1950,31,24,25
Europe,,1951,31,24,25
Europe,,1952,31,24,25
Europe,,1953,31,24,25
Europe,,1954,31,25,26
Europe,,1955,31,27,28
Europe,,1956,31,27,28
Europe,,1957,31,27,28
Europe,,1958,31,27,28
Europe,,1959,31,27,28
Europe,,1960,32,28,29
Europe,,1961,32,28,29
Europe,,1962,32,28,29
Europe,,1963,32,28,29
Europe,,1964,33,29,30
Europe,,1965,33,29,30
Europe,,1966,33,29,30
Europe,,1967,33,29,30
Europe,,1968,33,29,30
Europe,,1969,33,29,30
Europe,,1970,33,29,30
Europe,,1971,33,29,30
Europe,,1972,33,29,30
Europe,,1973,33,29,30
Europe,,1974,33,29,30
Europe,,1975,33,29,30
Europe,,1976,33,29,30
Europe,,1977,33,29,30
Europe,,1978,33,29,30
Europe,,1979,33,29,30
Europe,,1980,33,29,30
Europe,,1981,33,29,30
Europe,,1982,33,29,30
Europe,,1983,33,29,30
Europe,,1984,33,29,30
Europe,,1985,33,29,30
Europe,,1986,33,29,30
Europe,,1987,33,29,30
Europe,,1988,33,29,30
Europe,,1989,33,29,30
Europe,,1990,32,31,29
Europe,,1991,42,38,38
Europe,,1992,45,42,42
Europe,,1993,46,46,46
Europe,,1994,46,46,46
Europe,,1995,46,46,46
Europe,,1996,46,46,46
Europe,,1997,46,46,46
Europe,,1998,46,46,46
Europe,,1999,46,46,46
Europe,,2000,46,46,46
Europe,,2001,46,46,46
Europe,,2002,46,46,46
Europe,,2003,46,46,46
Europe,,2004,46,46,46
Europe,,2005,46,46,46
Europe,,2006,47,47,47
Europe,,2007,47,47,47
Europe,,2008,50,48,48
Europe,,2009,50,48,48
Europe,,2010,50,48,48
Europe,,2011,50,48,48
Europe,,2012,50,48,48
Europe,,2013,50,48,48
Europe,,2014,50,48,48
Europe,,2015,50,48,48
Europe,,2016,50,48,48
Europe,,2017,50,48,48
Europe,,2018,50,48,48
Europe,,2019,50,48,48
Europe,,2020,50,48,48
Europe,,2021,50,48,48
Europe,,2022,50,48,48
Europe,,2023,50,,
Europe,,2024,50,,
Europe,,2025,50,,
Europe,,2026,50,,
Europe,,2027,50,,
Europe,,2028,50,,
Europe,,2029,50,,
Europe,,2030,50,,
Europe,,2031,50,,
Europe,,2032,50,,
Europe,,2033,50,,
Europe,,2034,50,,
Europe,,2035,50,,
Europe,,2036,50,,
Europe,,2037,50,,
Europe,,2038,50,,
Europe,,2039,50,,
Europe,,2040,50,,
Europe,,2041,50,,
Europe,,2042,50,,
Europe,,2043,50,,
Europe,,2044,50,,
Europe,,2045,50,,
Europe,,2046,50,,
Europe,,2047,50,,
Europe,,2048,50,,
Europe,,2049,50,,
Europe,,2050,50,,
Europe,,2051,50,,
Europe,,2052,50,,
Europe,,2053,50,,
Europe,,2054,50,,
Europe,,2055,50,,
Europe,,2056,50,,
Europe,,2057,50,,
Europe,,2058,50,,
Europe,,2059,50,,
Europe,,2060,50,,
Europe,,2061,50,,
Europe,,2062,50,,
Europe,,2063,50,,
Europe,,2064,50,,
Europe,,2065,50,,
Europe,,2066,50,,
Europe,,2067,50,,
Europe,,2068,50,,
Europe,,2069,50,,
Europe,,2070,50,,
Europe,,2071,50,,
Europe,,2072,50,,
Europe,,2073,50,,
Europe,,2074,50,,
Europe,,2075,50,,
Europe,,2076,50,,
Europe,,2077,50,,
Europe,,2078,50,,
Europe,,2079,50,,
Europe,,2080,50,,
Europe,,2081,50,,
Europe,,2082,50,,
Europe,,2083,50,,
Europe,,2084,50,,
Europe,,2085,50,,
Europe,,2086,50,,
Europe,,2087,50,,
Europe,,2088,50,,
Europe,,2089,50,,
Europe,,2090,50,,
Europe,,2091,50,,
Europe,,2092,50,,
Europe,,2093,50,,
Europe,,2094,50,,
Europe,,2095,50,,
Europe,,2096,50,,
Europe,,2097,50,,
Europe,,2098,50,,
Europe,,2099,50,,
Europe,,2100,50,,
Middle East,,1816,3,1,5
Middle East,,1817,3,1,5
Middle East,,1818,3,1,6
Middle East,,1819,3,1,5
Middle East,,1820,3,1,5
Middle East,,1821,3,1,5
Middle East,,1822,3,1,5
Middle East,,1823,3,1,5
Middle East,,1824,3,1,5
Middle East,,1825,3,1,5
Middle East,,1826,3,1,5
Middle East,,1827,4,1,5
Middle East,,1828,4,1,5
Middle East,,1829,4,1,5
Middle East,,1830,4,1,5
Middle East,,1831,4,1,5
Middle East,,1832,4,1,5
Middle East,,1833,4,1,6
Middle East,,1834,4,1,6
Middle East,,1835,4,1,6
Middle East,,1836,4,1,7
Middle East,,1837,4,1,7
Middle East,,1838,4,1,7
Middle East,,1839,4,1,7
Middle East,,1840,4,1,7
Middle East,,1841,4,1,7
Middle East,,1842,4,1,7
Middle East,,1843,4,1,8
Middle East,,1844,4,1,8
Middle East,,1845,4,1,8
Middle East,,1846,4,1,8
Middle East,,1847,4,1,8
Middle East,,1848,4,1,8
Middle East,,1849,4,1,10
Middle East,,1850,4,1,10
Middle East,,1851,4,1,10
Middle East,,1852,4,1,10
Middle East,,1853,4,1,10
Middle East,,1854,4,1,10
Middle East,,1855,4,3,10
Middle East,,1856,3,3,10
Middle East,,1857,3,3,10
Middle East,,1858,3,3,10
Middle East,,1859,3,3,10
Middle East,,1860,3,3,10
Middle East,,1861,3,3,10
Middle East,,1862,3,3,10
Middle East,,1863,3,3,10
Middle East,,1864,3,3,10
Middle East,,1865,3,3,10
Middle East,,1866,3,3,10
Middle East,,1867,3,3,10
Middle East,,1868,3,3,10
Middle East,,1869,3,3,10
Middle East,,1870,3,3,10
Middle East,,1871,3,3,10
Middle East,,1872,3,3,9
Middle East,,1873,3,3,9
Middle East,,1874,3,3,9
Middle East,,1875,3,3,9
Middle East,,1876,3,3,9
Middle East,,1877,3,3,9
Middle East,,1878,3,3,9
Middle East,,1879,3,3,9
Middle East,,1880,3,3,9
Middle East,,1881,3,3,9
Middle East,,1882,3,3,8
Middle East,,1883,3,2,7
Middle East,,1884,3,2,7
Middle East,,1885,3,2,7
Middle East,,1886,3,2,7
Middle East,,1887,3,2,7
Middle East,,1888,3,2,7
Middle East,,1889,3,2,7
Middle East,,1890,3,2,7
Middle East,,1891,3,2,7
Middle East,,1892,3,2,5
Middle East,,1893,3,2,5
Middle East,,1894,3,2,5
Middle East,,1895,3,2,5
Middle East,,1896,3,2,5
Middle East,,1897,3,2,5
Middle East,,1898,3,2,5
Middle East,,1899,3,2,4
Middle East,,1900,3,2,4
Middle East,,1901,3,2,4
Middle East,,1902,3,2,5
Middle East,,1903,3,2,5
Middle East,,1904,3,2,5
Middle East,,1905,3,2,5
Middle East,,1906,3,2,5
Middle East,,1907,3,2,5
Middle East,,1908,3,2,5
Middle East,,1909,3,2,5
Middle East,,1910,3,2,5
Middle East,,1911,3,2,5
Middle East,,1912,3,2,5
Middle East,,1913,3,2,5
Middle East,,1914,3,2,6
Middle East,,1915,3,2,6
Middle East,,1916,3,2,6
Middle East,,1917,3,2,7
Middle East,,1918,4,2,8
Middle East,,1919,4,2,7
Middle East,,1920,4,2,7
Middle East,,1921,4,2,7
Middle East,,1922,5,2,6
Middle East,,1923,5,2,6
Middle East,,1924,5,2,5
Middle East,,1925,5,2,5
Middle East,,1926,5,3,5
Middle East,,1927,5,4,4
Middle East,,1928,5,4,4
Middle East,,1929,5,4,4
Middle East,,1930,5,4,4
Middle East,,1931,5,4,4
Middle East,,1932,7,5,5
Middle East,,1933,7,5,5
Middle East,,1934,7,5,5
Middle East,,1935,7,5,5
Middle East,,1936,7,5,5
Middle East,,1937,7,6,6
Middle East,,1938,7,6,6
Middle East,,1939,7,6,6
Middle East,,1940,7,6,6
Middle East,,1941,7,6,6
Middle East,,1942,7,6,6
Middle East,,1943,7,6,6
Middle East,,1944,8,6,6
Middle East,,1945,8,6,6
Middle East,,1946,10,9,9
Middle East,,1947,10,9,9
Middle East,,1948,11,10,10
Middle East,,1949,11,10,10
Middle East,,1950,11,10,10
Middle East,,1951,11,10,10
Middle East,,1952,11,10,10
Middle East,,1953,11,10,10
Middle East,,1954,11,10,10
Middle East,,1955,11,10,10
Middle East,,1956,11,10,10
Middle East,,1957,11,10,10
Middle East,,1958,11,10,9
Middle East,,1959,11,9,9
Middle East,,1960,11,9,9
Middle East,,1961,12,11,11
Middle East,,1962,12,11,11
Middle East,,1963,12,11,11
Middle East,,1964,12,11,11
Middle East,,1965,12,11,11
Middle East,,1966,12,11,11
Middle East,,1967,13,12,12
Middle East,,1968,13,12,12
Middle East,,1969,13,12,12
Middle East,,1970,13,12,12
Middle East,,1971,16,16,16
Middle East,,1972,16,16,16
Middle East,,1973,16,16,16
Middle East,,1974,16,16,16
Middle East,,1975,16,16,16
Middle East,,1976,16,16,16
Middle East,,1977,16,16,16
Middle East,,1978,16,16,16
Middle East,,1979,16,16,16
Middle East,,1980,16,16,16
Middle East,,1981,16,16,16
Middle East,,1982,16,16,16
Middle East,,1983,16,16,16
Middle East,,1984,16,16,16
Middle East,,1985,16,16,16
Middle East,,1986,16,16,16
Middle East,,1987,16,16,16
Middle East,,1988,16,16,16
Middle East,,1989,16,16,16
Middle East,,1990,15,17,15
Middle East,,1991,15,15,15
Middle East,,1992,15,15,15
Middle East,,1993,15,15,15
Middle East,,1994,15,15,15
Middle East,,1995,15,15,15
Middle East,,1996,15,15,15
Middle East,,1997,15,15,15
Middle East,,1998,15,15,15
Middle East,,1999,15,15,15
Middle East,,2000,15,15,15
Middle East,,2001,15,15,15
Middle East,,2002,15,15,15
Middle East,,2003,15,15,15
Middle East,,2004,15,15,15
Middle East,,2005,15,15,15
Middle East,,2006,15,15,15
Middle East,,2007,15,15,15
Middle East,,2008,15,15,15
Middle East,,2009,15,15,15
Middle East,,2010,15,15,15
Middle East,,2011,15,15,15
Middle East,,2012,15,15,15
Middle East,,2013,15,15,15
Middle East,,2014,15,15,15
Middle East,,2015,15,15,15
Middle East,,2016,15,15,15
Middle East,,2017,15,15,15
Middle East,,2018,15,15,15
Middle East,,2019,15,15,15
Middle East,,2020,15,15,15
Middle East,,2021,15,15,15
Middle East,,2022,15,15,15
Middle East,,2023,15,,
Middle East,,2024,15,,
Middle East,,2025,15,,
Middle East,,2026,15,,
Middle East,,2027,15,,
Middle East,,2028,15,,
Middle East,,2029,15,,
Middle East,,2030,15,,
Middle East,,2031,15,,
Middle East,,2032,15,,
Middle East,,2033,15,,
Middle East,,2034,15,,
Middle East,,2035,15,,
Middle East,,2036,15,,
Middle East,,2037,15,,
Middle East,,2038,15,,
Middle East,,2039,15,,
Middle East,,2040,15,,
Middle East,,2041,15,,
Middle East,,2042,15,,
Middle East,,2043,15,,
Middle East,,2044,15,,
Middle East,,2045,15,,
Middle East,,2046,15,,
Middle East,,2047,15,,
Middle East,,2048,15,,
Middle East,,2049,15,,
Middle East,,2050,15,,
Middle East,,2051,15,,
Middle East,,2052,15,,
Middle East,,2053,15,,
Middle East,,2054,15,,
Middle East,,2055,15,,
Middle East,,2056,15,,
Middle East,,2057,15,,
Middle East,,2058,15,,
Middle East,,2059,15,,
Middle East,,2060,15,,
Middle East,,2061,15,,
Middle East,,2062,15,,
Middle East,,2063,15,,
Middle East,,2064,15,,
Middle East,,2065,15,,
Middle East,,2066,15,,
Middle East,,2067,15,,
Middle East,,2068,15,,
Middle East,,2069,15,,
Middle East,,2070,15,,
Middle East,,2071,15,,
Middle East,,2072,15,,
Middle East,,2073,15,,
Middle East,,2074,15,,
Middle East,,2075,15,,
Middle East,,2076,15,,
Middle East,,2077,15,,
Middle East,,2078,15,,
Middle East,,2079,15,,
Middle East,,2080,15,,
Middle East,,2081,15,,
Middle East,,2082,15,,
Middle East,,2083,15,,
Middle East,,2084,15,,
Middle East,,2085,15,,
Middle East,,2086,15,,
Middle East,,2087,15,,
Middle East,,2088,15,,
Middle East,,2089,15,,
Middle East,,2090,15,,
Middle East,,2091,15,,
Middle East,,2092,15,,
Middle East,,2093,15,,
Middle East,,2094,15,,
Middle East,,2095,15,,
Middle East,,2096,15,,
Middle East,,2097,15,,
Middle East,,2098,15,,
Middle East,,2099,15,,
Middle East,,2100,15,,
North Africa and the Middle East,,1816,,,17
North Africa and the Middle East,,1817,,,17
North Africa and the Middle East,,1818,,,18
North Africa and the Middle East,,1819,,,17
North Africa and the Middle East,,1820,,,17
North Africa and the Middle East,,1821,,,16
North Africa and the Middle East,,1822,,,16
North Africa and the Middle East,,1823,,,16
North Africa and the Middle East,,1824,,,16
North Africa and the Middle East,,1825,,,16
North Africa and the Middle East,,1826,,,16
North Africa and the Middle East,,1827,,,16
North Africa and the Middle East,,1828,,,16
North Africa and the Middle East,,1829,,,16
North Africa and the Middle East,,1830,,,16
North Africa and the Middle East,,1831,,,16
North Africa and the Middle East,,1832,,,16
North Africa and the Middle East,,1833,,,17
North Africa and the Middle East,,1834,,,17
North Africa and the Middle East,,1835,,,17
North Africa and the Middle East,,1836,,,17
North Africa and the Middle East,,1837,,,17
North Africa and the Middle East,,1838,,,17
North Africa and the Middle East,,1839,,,17
North Africa and the Middle East,,1840,,,17
North Africa and the Middle East,,1841,,,17
North Africa and the Middle East,,1842,,,17
North Africa and the Middle East,,1843,,,18
North Africa and the Middle East,,1844,,,18
North Africa and the Middle East,,1845,,,18
North Africa and the Middle East,,1846,,,18
North Africa and the Middle East,,1847,,,17
North Africa and the Middle East,,1848,,,17
North Africa and the Middle East,,1849,,,19
North Africa and the Middle East,,1850,,,19
North Africa and the Middle East,,1851,,,19
North Africa and the Middle East,,1852,,,19
North Africa and the Middle East,,1853,,,19
North Africa and the Middle East,,1854,,,19
North Africa and the Middle East,,1855,,,19
North Africa and the Middle East,,1856,,,19
North Africa and the Middle East,,1857,,,19
North Africa and the Middle East,,1858,,,19
North Africa and the Middle East,,1859,,,19
North Africa and the Middle East,,1860,,,19
North Africa and the Middle East,,1861,,,19
North Africa and the Middle East,,1862,,,19
North Africa and the Middle East,,1863,,,19
North Africa and the Middle East,,1864,,,18
North Africa and the Middle East,,1865,,,18
North Africa and the Middle East,,1866,,,18
North Africa and the Middle East,,1867,,,18
North Africa and the Middle East,,1868,,,18
North Africa and the Middle East,,1869,,,18
North Africa and the Middle East,,1870,,,18
North Africa and the Middle East,,1871,,,18
North Africa and the Middle East,,1872,,,17
North Africa and the Middle East,,1873,,,17
North Africa and the Middle East,,1874,,,16
North Africa and the Middle East,,1875,,,16
North Africa and the Middle East,,1876,,,16
North Africa and the Middle East,,1877,,,16
North Africa and the Middle East,,1878,,,16
North Africa and the Middle East,,1879,,,16
North Africa and the Middle East,,1880,,,16
North Africa and the Middle East,,1881,,,15
North Africa and the Middle East,,1882,,,14
North Africa and the Middle East,,1883,,,13
North Africa and the Middle East,,1884,,,13
North Africa and the Middle East,,1885,,,13
North Africa and the Middle East,,1886,,,13
North Africa and the Middle East,,1887,,,13
North Africa and the Middle East,,1888,,,13
North Africa and the Middle East,,1889,,,13
North Africa and the Middle East,,1890,,,13
North Africa and the Middle East,,1891,,,13
North Africa and the Middle East,,1892,,,11
North Africa and the Middle East,,1893,,,11
North Africa and the Middle East,,1894,,,10
North Africa and the Middle East,,1895,,,10
North Africa and the Middle East,,1896,,,10
North Africa and the Middle East,,1897,,,10
North Africa and the Middle East,,1898,,,9
North Africa and the Middle East,,1899,,,8
North Africa and the Middle East,,1900,,,8
North Africa and the Middle East,,1901,,,8
North Africa and the Middle East,,1902,,,9
North Africa and the Middle East,,1903,,,9
North Africa and the Middle East,,1904,,,9
North Africa and the Middle East,,1905,,,8
North Africa and the Middle East,,1906,,,7
North Africa and the Middle East,,1907,,,7
North Africa and the Middle East,,1908,,,7
North Africa and the Middle East,,1909,,,6
North Africa and the Middle East,,1910,,,6
North Africa and the Middle East,,1911,,,6
North Africa and the Middle East,,1912,,,5
North Africa and the Middle East,,1913,,,5
North Africa and the Middle East,,1914,,,6
North Africa and the Middle East,,1915,,,6
North Africa and the Middle East,,1916,,,6
North Africa and the Middle East,,1917,,,7
North Africa and the Middle East,,1918,,,8
North Africa and the Middle East,,1919,,,7
North Africa and the Middle East,,1920,,,7
North Africa and the Middle East,,1921,,,7
North Africa and the Middle East,,1922,,,6
North Africa and the Middle East,,1923,,,6
North Africa and the Middle East,,1924,,,5
North Africa and the Middle East,,1925,,,5
North Africa and the Middle East,,1926,,,5
North Africa and the Middle East,,1927,,,4
North Africa and the Middle East,,1928,,,4
North Africa and the Middle East,,1929,,,4
North Africa and the Middle East,,1930,,,4
North Africa and the Middle East,,1931,,,4
North Africa and the Middle East,,1932,,,5
North Africa and the Middle East,,1933,,,5
North Africa and the Middle East,,1934,,,5
North Africa and the Middle East,,1935,,,5
North Africa and the Middle East,,1936,,,5
North Africa and the Middle East,,1937,,,6
North Africa and the Middle East,,1938,,,6
North Africa and the Middle East,,1939,,,6
North Africa and the Middle East,,1940,,,6
North Africa and the Middle East,,1941,,,6
North Africa and the Middle East,,1942,,,6
North Africa and the Middle East,,1943,,,6
North Africa and the Middle East,,1944,,,6
North Africa and the Middle East,,1945,,,6
North Africa and the Middle East,,1946,,,9
North Africa and the Middle East,,1947,,,9
North Africa and the Middle East,,1948,,,10
North Africa and the Middle East,,1949,,,10
North Africa and the Middle East,,1950,,,10
North Africa and the Middle East,,1951,,,11
North Africa and the Middle East,,1952,,,11
North Africa and the Middle East,,1953,,,11
North Africa and the Middle East,,1954,,,11
North Africa and the Middle East,,1955,,,11
North Africa and the Middle East,,1956,,,14
North Africa and the Middle East,,1957,,,14
North Africa and the Middle East,,1958,,,13
North Africa and the Middle East,,1959,,,13
North Africa and the Middle East,,1960,,,16
North Africa and the Middle East,,1961,,,18
North Africa and the Middle East,,1962,,,19
North Africa and the Middle East,,1963,,,19
North Africa and the Middle East,,1964,,,19
North Africa and the Middle East,,1965,,,19
North Africa and the Middle East,,1966,,,19
North Africa and the Middle East,,1967,,,20
North Africa and the Middle East,,1968,,,20
North Africa and the Middle East,,1969,,,20
North Africa and the Middle East,,1970,,,20
North Africa and the Middle East,,1971,,,24
North Africa and the Middle East,,1972,,,24
North Africa and the Middle East,,1973,,,24
North Africa and the Middle East,,1974,,,24
North Africa and the Middle East,,1975,,,24
North Africa and the Middle East,,1976,,,24
North Africa and the Middle East,,1977,,,24
North Africa and the Middle East,,1978,,,24
North Africa and the Middle East,,1979,,,24
North Africa and the Middle East,,1980,,,24
North Africa and the Middle East,,1981,,,24
North Africa and the Middle East,,1982,,,24
North Africa and the Middle East,,1983,,,24
North Africa and the Middle East,,1984,,,24
North Africa and the Middle East,,1985,,,24
North Africa and the Middle East,,1986,,,24
North Africa and the Middle East,,1987,,,24
North Africa and the Middle East,,1988,,,24
North Africa and the Middle East,,1989,,,24
North Africa and the Middle East,,1990,,,23
North Africa and the Middle East,,1991,,,23
North Africa and the Middle East,,1992,,,23
North Africa and the Middle East,,1993,,,23
North Africa and the Middle East,,1994,,,23
North Africa and the Middle East,,1995,,,23
North Africa and the Middle East,,1996,,,23
North Africa and the Middle East,,1997,,,23
North Africa and the Middle East,,1998,,,23
North Africa and the Middle East,,1999,,,23
North Africa and the Middle East,,2000,,,23
North Africa and the Middle East,,2001,,,23
North Africa and the Middle East,,2002,,,23
North Africa and the Middle East,,2003,,,23
North Africa and the Middle East,,2004,,,23
North Africa and the Middle East,,2005,,,23
North Africa and the Middle East,,2006,,,23
North Africa and the Middle East,,2007,,,23
North Africa and the Middle East,,2008,,,23
North Africa and the Middle East,,2009,,,23
North Africa and the Middle East,,2010,,,23
North Africa and the Middle East,,2011,,,24
North Africa and the Middle East,,2012,,,24
North Africa and the Middle East,,2013,,,24
North Africa and the Middle East,,2014,,,24
North Africa and the Middle East,,2015,,,24
North Africa and the Middle East,,2016,,,24
North Africa and the Middle East,,2017,,,24
North Africa and the Middle East,,2018,,,24
North Africa and the Middle East,,2019,,,24
North Africa and the Middle East,,2020,,,24
North Africa and the Middle East,,2021,,,24
North Africa and the Middle East,,2022,,,24
Sub-Saharan Africa,,1816,,,63
Sub-Saharan Africa,,1817,,,64
Sub-Saharan Africa,,1818,,,63
Sub-Saharan Africa,,1819,,,63
Sub-Saharan Africa,,1820,,,63
Sub-Saharan Africa,,1821,,,63
Sub-Saharan Africa,,1822,,,63
Sub-Saharan Africa,,1823,,,65
Sub-Saharan Africa,,1824,,,65
Sub-Saharan Africa,,1825,,,65
Sub-Saharan Africa,,1826,,,65
Sub-Saharan Africa,,1827,,,65
Sub-Saharan Africa,,1828,,,66
Sub-Saharan Africa,,1829,,,66
Sub-Saharan Africa,,1830,,,70
Sub-Saharan Africa,,1831,,,70
Sub-Saharan Africa,,1832,,,71
Sub-Saharan Africa,,1833,,,70
Sub-Saharan Africa,,1834,,,69
Sub-Saharan Africa,,1835,,,69
Sub-Saharan Africa,,1836,,,69
Sub-Saharan Africa,,1837,,,69
Sub-Saharan Africa,,1838,,,69
Sub-Saharan Africa,,1839,,,69
Sub-Saharan Africa,,1840,,,69
Sub-Saharan Africa,,1841,,,71
Sub-Saharan Africa,,1842,,,71
Sub-Saharan Africa,,1843,,,71
Sub-Saharan Africa,,1844,,,71
Sub-Saharan Africa,,1845,,,71
Sub-Saharan Africa,,1846,,,71
Sub-Saharan Africa,,1847,,,72
Sub-Saharan Africa,,1848,,,72
Sub-Saharan Africa,,1849,,,72
Sub-Saharan Africa,,1850,,,71
Sub-Saharan Africa,,1851,,,71
Sub-Saharan Africa,,1852,,,73
Sub-Saharan Africa,,1853,,,73
Sub-Saharan Africa,,1854,,,74
Sub-Saharan Africa,,1855,,,72
Sub-Saharan Africa,,1856,,,73
Sub-Saharan Africa,,1857,,,73
Sub-Saharan Africa,,1858,,,73
Sub-Saharan Africa,,1859,,,73
Sub-Saharan Africa,,1860,,,74
Sub-Saharan Africa,,1861,,,72
Sub-Saharan Africa,,1862,,,73
Sub-Saharan Africa,,1863,,,71
Sub-Saharan Africa,,1864,,,71
Sub-Saharan Africa,,1865,,,71
Sub-Saharan Africa,,1866,,,70
Sub-Saharan Africa,,1867,,,70
Sub-Saharan Africa,,1868,,,68
Sub-Saharan Africa,,1869,,,68
Sub-Saharan Africa,,1870,,,68
Sub-Saharan Africa,,1871,,,67
Sub-Saharan Africa,,1872,,,67
Sub-Saharan Africa,,1873,,,66
Sub-Saharan Africa,,1874,,,65
Sub-Saharan Africa,,1875,,,65
Sub-Saharan Africa,,1876,,,64
Sub-Saharan Africa,,1877,,,63
Sub-Saharan Africa,,1878,,,64
Sub-Saharan Africa,,1879,,,63
Sub-Saharan Africa,,1880,,,65
Sub-Saharan Africa,,1881,,,65
Sub-Saharan Africa,,1882,,,63
Sub-Saharan Africa,,1883,,,63
Sub-Saharan Africa,,1884,,,62
Sub-Saharan Africa,,1885,,,62
Sub-Saharan Africa,,1886,,,60
Sub-Saharan Africa,,1887,,,53
Sub-Saharan Africa,,1888,,,53
Sub-Saharan Africa,,1889,,,49
Sub-Saharan Africa,,1890,,,46
Sub-Saharan Africa,,1891,,,42
Sub-Saharan Africa,,1892,,,39
Sub-Saharan Africa,,1893,,,36
Sub-Saharan Africa,,1894,,,32
Sub-Saharan Africa,,1895,,,27
Sub-Saharan Africa,,1896,,,24
Sub-Saharan Africa,,1897,,,21
Sub-Saharan Africa,,1898,,,19
Sub-Saharan Africa,,1899,,,16
Sub-Saharan Africa,,1900,,,16
Sub-Saharan Africa,,1901,,,13
Sub-Saharan Africa,,1902,,,10
Sub-Saharan Africa,,1903,,,6
Sub-Saharan Africa,,1904,,,6
Sub-Saharan Africa,,1905,,,6
Sub-Saharan Africa,,1906,,,6
Sub-Saharan Africa,,1907,,,6
Sub-Saharan Africa,,1908,,,6
Sub-Saharan Africa,,1909,,,5
Sub-Saharan Africa,,1910,,,5
Sub-Saharan Africa,,1911,,,5
Sub-Saharan Africa,,1912,,,4
Sub-Saharan Africa,,1913,,,4
Sub-Saharan Africa,,1914,,,4
Sub-Saharan Africa,,1915,,,4
Sub-Saharan Africa,,1916,,,4
Sub-Saharan Africa,,1917,,,4
Sub-Saharan Africa,,1918,,,4
Sub-Saharan Africa,,1919,,,4
Sub-Saharan Africa,,1920,,,4
Sub-Saharan Africa,,1921,,,4
Sub-Saharan Africa,,1922,,,4
Sub-Saharan Africa,,1923,,,4
Sub-Saharan Africa,,1924,,,4
Sub-Saharan Africa,,1925,,,4
Sub-Saharan Africa,,1926,,,4
Sub-Saharan Africa,,1927,,,4
Sub-Saharan Africa,,1928,,,4
Sub-Saharan Africa,,1929,,,4
Sub-Saharan Africa,,1930,,,4
Sub-Saharan Africa,,1931,,,4
Sub-Saharan Africa,,1932,,,4
Sub-Saharan Africa,,1933,,,4
Sub-Saharan Africa,,1934,,,4
Sub-Saharan Africa,,1935,,,4
Sub-Saharan Africa,,1936,,,3
Sub-Saharan Africa,,1937,,,3
Sub-Saharan Africa,,1938,,,3
Sub-Saharan Africa,,1939,,,3
Sub-Saharan Africa,,1940,,,3
Sub-Saharan Africa,,1941,,,4
Sub-Saharan Africa,,1942,,,4
Sub-Saharan Africa,,1943,,,4
Sub-Saharan Africa,,1944,,,4
Sub-Saharan Africa,,1945,,,3
Sub-Saharan Africa,,1946,,,3
Sub-Saharan Africa,,1947,,,3
Sub-Saharan Africa,,1948,,,3
Sub-Saharan Africa,,1949,,,3
Sub-Saharan Africa,,1950,,,3
Sub-Saharan Africa,,1951,,,3
Sub-Saharan Africa,,1952,,,3
Sub-Saharan Africa,,1953,,,3
Sub-Saharan Africa,,1954,,,3
Sub-Saharan Africa,,1955,,,3
Sub-Saharan Africa,,1956,,,3
Sub-Saharan Africa,,1957,,,4
Sub-Saharan Africa,,1958,,,5
Sub-Saharan Africa,,1959,,,5
Sub-Saharan Africa,,1960,,,19
Sub-Saharan Africa,,1961,,,21
Sub-Saharan Africa,,1962,,,24
Sub-Saharan Africa,,1963,,,26
Sub-Saharan Africa,,1964,,,27
Sub-Saharan Africa,,1965,,,29
Sub-Saharan Africa,,1966,,,31
Sub-Saharan Africa,,1967,,,31
Sub-Saharan Africa,,1968,,,34
Sub-Saharan Africa,,1969,,,34
Sub-Saharan Africa,,1970,,,34
Sub-Saharan Africa,,1971,,,34
Sub-Saharan Africa,,1972,,,34
Sub-Saharan Africa,,1973,,,34
Sub-Saharan Africa,,1974,,,35
Sub-Saharan Africa,,1975,,,40
Sub-Saharan Africa,,1976,,,41
Sub-Saharan Africa,,1977,,,42
Sub-Saharan Africa,,1978,,,42
Sub-Saharan Africa,,1979,,,42
Sub-Saharan Africa,,1980,,,42
Sub-Saharan Africa,,1981,,,42
Sub-Saharan Africa,,1982,,,42
Sub-Saharan Africa,,1983,,,42
Sub-Saharan Africa,,1984,,,42
Sub-Saharan Africa,,1985,,,42
Sub-Saharan Africa,,1986,,,42
Sub-Saharan Africa,,1987,,,42
Sub-Saharan Africa,,1988,,,42
Sub-Saharan Africa,,1989,,,42
Sub-Saharan Africa,,1990,,,43
Sub-Saharan Africa,,1991,,,43
Sub-Saharan Africa,,1992,,,43
Sub-Saharan Africa,,1993,,,44
Sub-Saharan Africa,,1994,,,44
Sub-Saharan Africa,,1995,,,44
Sub-Saharan Africa,,1996,,,44
Sub-Saharan Africa,,1997,,,44
Sub-Saharan Africa,,1998,,,44
Sub-Saharan Africa,,1999,,,44
Sub-Saharan Africa,,2000,,,44
Sub-Saharan Africa,,2001,,,44
Sub-Saharan Africa,,2002,,,44
Sub-Saharan Africa,,2003,,,44
Sub-Saharan Africa,,2004,,,44
Sub-Saharan Africa,,2005,,,44
Sub-Saharan Africa,,2006,,,44
Sub-Saharan Africa,,2007,,,44
Sub-Saharan Africa,,2008,,,44
Sub-Saharan Africa,,2009,,,44
Sub-Saharan Africa,,2010,,,44
Sub-Saharan Africa,,2011,,,44
Sub-Saharan Africa,,2012,,,44
Sub-Saharan Africa,,2013,,,44
Sub-Saharan Africa,,2014,,,44
Sub-Saharan Africa,,2015,,,44
Sub-Saharan Africa,,2016,,,44
Sub-Saharan Africa,,2017,,,44
Sub-Saharan Africa,,2018,,,44
Sub-Saharan Africa,,2019,,,44
Sub-Saharan Africa,,2020,,,44
Sub-Saharan Africa,,2021,,,44
Sub-Saharan Africa,,2022,,,44
World,OWID_WRL,1816,49,23,220
World,OWID_WRL,1817,49,23,219
World,OWID_WRL,1818,50,23,216
World,OWID_WRL,1819,50,23,209
World,OWID_WRL,1820,50,23,208
World,OWID_WRL,1821,52,23,207
World,OWID_WRL,1822,53,24,206
World,OWID_WRL,1823,54,24,208
World,OWID_WRL,1824,55,24,206
World,OWID_WRL,1825,56,25,206
World,OWID_WRL,1826,56,25,209
World,OWID_WRL,1827,57,25,207
World,OWID_WRL,1828,58,26,209
World,OWID_WRL,1829,59,26,209
World,OWID_WRL,1830,61,27,215
World,OWID_WRL,1831,61,29,214
World,OWID_WRL,1832,61,29,214
World,OWID_WRL,1833,61,29,214
World,OWID_WRL,1834,61,29,214
World,OWID_WRL,1835,60,29,210
World,OWID_WRL,1836,60,29,210
World,OWID_WRL,1837,60,30,212
World,OWID_WRL,1838,60,30,209
World,OWID_WRL,1839,60,32,208
World,OWID_WRL,1840,64,32,212
World,OWID_WRL,1841,64,34,215
World,OWID_WRL,1842,64,35,214
World,OWID_WRL,1843,64,36,214
World,OWID_WRL,1844,65,36,214
World,OWID_WRL,1845,65,36,214
World,OWID_WRL,1846,65,37,212
World,OWID_WRL,1847,66,38,210
World,OWID_WRL,1848,66,39,210
World,OWID_WRL,1849,66,39,212
World,OWID_WRL,1850,66,39,209
World,OWID_WRL,1851,66,40,209
World,OWID_WRL,1852,67,40,210
World,OWID_WRL,1853,67,40,210
World,OWID_WRL,1854,68,41,210
World,OWID_WRL,1855,69,43,208
World,OWID_WRL,1856,68,43,209
World,OWID_WRL,1857,68,43,209
World,OWID_WRL,1858,68,43,209
World,OWID_WRL,1859,68,44,208
World,OWID_WRL,1860,68,46,203
World,OWID_WRL,1861,64,42,198
World,OWID_WRL,1862,64,41,197
World,OWID_WRL,1863,64,41,195
World,OWID_WRL,1864,64,41,193
World,OWID_WRL,1865,64,41,193
World,OWID_WRL,1866,64,41,168
World,OWID_WRL,1867,66,39,167
World,OWID_WRL,1868,67,37,164
World,OWID_WRL,1869,67,37,164
World,OWID_WRL,1870,66,37,162
World,OWID_WRL,1871,58,36,160
World,OWID_WRL,1872,58,33,159
World,OWID_WRL,1873,58,33,157
World,OWID_WRL,1874,58,33,153
World,OWID_WRL,1875,58,34,151
World,OWID_WRL,1876,58,35,149
World,OWID_WRL,1877,58,35,147
World,OWID_WRL,1878,61,37,151
World,OWID_WRL,1879,61,37,148
World,OWID_WRL,1880,61,37,150
World,OWID_WRL,1881,60,37,149
World,OWID_WRL,1882,60,37,146
World,OWID_WRL,1883,60,36,144
World,OWID_WRL,1884,60,36,143
World,OWID_WRL,1885,60,36,141
World,OWID_WRL,1886,59,36,137
World,OWID_WRL,1887,59,38,129
World,OWID_WRL,1888,58,38,126
World,OWID_WRL,1889,58,38,121
World,OWID_WRL,1890,58,38,119
World,OWID_WRL,1891,58,38,114
World,OWID_WRL,1892,58,38,108
World,OWID_WRL,1893,57,38,106
World,OWID_WRL,1894,57,39,100
World,OWID_WRL,1895,57,39,94
World,OWID_WRL,1896,56,39,90
World,OWID_WRL,1897,56,39,87
World,OWID_WRL,1898,56,40,83
World,OWID_WRL,1899,56,41,79
World,OWID_WRL,1900,56,42,78
World,OWID_WRL,1901,57,42,74
World,OWID_WRL,1902,58,43,73
World,OWID_WRL,1903,59,44,69
World,OWID_WRL,1904,58,44,69
World,OWID_WRL,1905,59,45,68
World,OWID_WRL,1906,59,44,65
World,OWID_WRL,1907,60,43,62
World,OWID_WRL,1908,60,44,63
World,OWID_WRL,1909,60,45,61
World,OWID_WRL,1910,58,45,60
World,OWID_WRL,1911,58,45,58
World,OWID_WRL,1912,58,45,56
World,OWID_WRL,1913,60,44,57
World,OWID_WRL,1914,60,45,58
World,OWID_WRL,1915,57,45,57
World,OWID_WRL,1916,57,44,56
World,OWID_WRL,1917,58,44,58
World,OWID_WRL,1918,66,50,64
World,OWID_WRL,1919,67,51,64
World,OWID_WRL,1920,67,59,67
World,OWID_WRL,1921,69,60,68
World,OWID_WRL,1922,70,61,68
World,OWID_WRL,1923,70,61,68
World,OWID_WRL,1924,70,62,68
World,OWID_WRL,1925,70,62,68
World,OWID_WRL,1926,70,63,68
World,OWID_WRL,1927,70,64,67
World,OWID_WRL,1928,70,64,67
World,OWID_WRL,1929,70,64,67
World,OWID_WRL,1930,70,64,67
World,OWID_WRL,1931,70,64,67
World,OWID_WRL,1932,72,65,68
World,OWID_WRL,1933,72,65,68
World,OWID_WRL,1934,73,66,69
World,OWID_WRL,1935,73,66,69
World,OWID_WRL,1936,73,66,68
World,OWID_WRL,1937,73,66,69
World,OWID_WRL,1938,73,66,68
World,OWID_WRL,1939,73,65,65
World,OWID_WRL,1940,70,62,57
World,OWID_WRL,1941,70,55,56
World,OWID_WRL,1942,70,53,55
World,OWID_WRL,1943,70,52,55
World,OWID_WRL,1944,72,58,61
World,OWID_WRL,1945,72,64,64
World,OWID_WRL,1946,75,66,68
World,OWID_WRL,1947,77,68,70
World,OWID_WRL,1948,82,72,74
World,OWID_WRL,1949,86,75,77
World,OWID_WRL,1950,85,75,77
World,OWID_WRL,1951,86,76,77
World,OWID_WRL,1952,86,77,78
World,OWID_WRL,1953,87,79,80
World,OWID_WRL,1954,90,82,83
World,OWID_WRL,1955,90,84,85
World,OWID_WRL,1956,93,87,88
World,OWID_WRL,1957,95,89,90
World,OWID_WRL,1958,96,90,90
World,OWID_WRL,1959,96,89,90
World,OWID_WRL,1960,114,107,108
World,OWID_WRL,1961,117,111,112
World,OWID_WRL,1962,124,117,119
World,OWID_WRL,1963,126,119,121
World,OWID_WRL,1964,128,122,123
World,OWID_WRL,1965,132,125,127
World,OWID_WRL,1966,136,129,131
World,OWID_WRL,1967,137,130,132
World,OWID_WRL,1968,141,133,136
World,OWID_WRL,1969,141,133,136
World,OWID_WRL,1970,143,134,138
World,OWID_WRL,1971,147,140,143
World,OWID_WRL,1972,147,140,144
World,OWID_WRL,1973,148,141,145
World,OWID_WRL,1974,150,143,147
World,OWID_WRL,1975,156,150,153
World,OWID_WRL,1976,157,151,154
World,OWID_WRL,1977,158,152,155
World,OWID_WRL,1978,161,154,158
World,OWID_WRL,1979,164,156,161
World,OWID_WRL,1980,165,156,162
World,OWID_WRL,1981,167,159,164
World,OWID_WRL,1982,167,159,164
World,OWID_WRL,1983,168,160,165
World,OWID_WRL,1984,169,161,166
World,OWID_WRL,1985,169,161,166
World,OWID_WRL,1986,171,161,168
World,OWID_WRL,1987,171,161,168
World,OWID_WRL,1988,171,161,168
World,OWID_WRL,1989,171,161,168
World,OWID_WRL,1990,170,165,167
World,OWID_WRL,1991,185,177,181
World,OWID_WRL,1992,188,181,185
World,OWID_WRL,1993,190,186,190
World,OWID_WRL,1994,191,187,191
World,OWID_WRL,1995,191,187,191
World,OWID_WRL,1996,191,187,191
World,OWID_WRL,1997,191,187,191
World,OWID_WRL,1998,191,187,191
World,OWID_WRL,1999,191,190,191
World,OWID_WRL,2000,191,191,191
World,OWID_WRL,2001,191,191,191
World,OWID_WRL,2002,192,192,192
World,OWID_WRL,2003,192,192,192
World,OWID_WRL,2004,192,192,192
World,OWID_WRL,2005,192,192,192
World,OWID_WRL,2006,193,193,193
World,OWID_WRL,2007,193,193,193
World,OWID_WRL,2008,196,194,194
World,OWID_WRL,2009,196,194,194
World,OWID_WRL,2010,196,194,194
World,OWID_WRL,2011,197,195,195
World,OWID_WRL,2012,197,195,195
World,OWID_WRL,2013,197,195,195
World,OWID_WRL,2014,197,195,195
World,OWID_WRL,2015,197,195,195
World,OWID_WRL,2016,197,195,195
World,OWID_WRL,2017,197,195,195
World,OWID_WRL,2018,197,195,195
World,OWID_WRL,2019,197,195,195
World,OWID_WRL,2020,197,195,195
World,OWID_WRL,2021,197,195,195
World,OWID_WRL,2022,197,195,195
World,OWID_WRL,2023,197,,
World,OWID_WRL,2024,197,,
World,OWID_WRL,2025,197,,
World,OWID_WRL,2026,197,,
World,OWID_WRL,2027,197,,
World,OWID_WRL,2028,197,,
World,OWID_WRL,2029,197,,
World,OWID_WRL,2030,197,,
World,OWID_WRL,2031,197,,
World,OWID_WRL,2032,197,,
World,OWID_WRL,2033,197,,
World,OWID_WRL,2034,197,,
World,OWID_WRL,2035,197,,
World,OWID_WRL,2036,197,,
World,OWID_WRL,2037,197,,
World,OWID_WRL,2038,197,,
World,OWID_WRL,2039,197,,
World,OWID_WRL,2040,197,,
World,OWID_WRL,2041,197,,
World,OWID_WRL,2042,197,,
World,OWID_WRL,2043,197,,
World,OWID_WRL,2044,197,,
World,OWID_WRL,2045,197,,
World,OWID_WRL,2046,197,,
World,OWID_WRL,2047,197,,
World,OWID_WRL,2048,197,,
World,OWID_WRL,2049,197,,
World,OWID_WRL,2050,197,,
World,OWID_WRL,2051,197,,
World,OWID_WRL,2052,197,,
World,OWID_WRL,2053,197,,
World,OWID_WRL,2054,197,,
World,OWID_WRL,2055,197,,
World,OWID_WRL,2056,197,,
World,OWID_WRL,2057,197,,
World,OWID_WRL,2058,197,,
World,OWID_WRL,2059,197,,
World,OWID_WRL,2060,197,,
World,OWID_WRL,2061,197,,
World,OWID_WRL,2062,197,,
World,OWID_WRL,2063,197,,
World,OWID_WRL,2064,197,,
World,OWID_WRL,2065,197,,
World,OWID_WRL,2066,197,,
World,OWID_WRL,2067,197,,
World,OWID_WRL,2068,197,,
World,OWID_WRL,2069,197,,
World,OWID_WRL,2070,197,,
World,OWID_WRL,2071,197,,
World,OWID_WRL,2072,197,,
World,OWID_WRL,2073,197,,
World,OWID_WRL,2074,197,,
World,OWID_WRL,2075,197,,
World,OWID_WRL,2076,197,,
World,OWID_WRL,2077,197,,
World,OWID_WRL,2078,197,,
World,OWID_WRL,2079,197,,
World,OWID_WRL,2080,197,,
World,OWID_WRL,2081,197,,
World,OWID_WRL,2082,197,,
World,OWID_WRL,2083,197,,
World,OWID_WRL,2084,197,,
World,OWID_WRL,2085,197,,
World,OWID_WRL,2086,197,,
World,OWID_WRL,2087,197,,
World,OWID_WRL,2088,197,,
World,OWID_WRL,2089,197,,
World,OWID_WRL,2090,197,,
World,OWID_WRL,2091,197,,
World,OWID_WRL,2092,197,,
World,OWID_WRL,2093,197,,
World,OWID_WRL,2094,197,,
World,OWID_WRL,2095,197,,
World,OWID_WRL,2096,197,,
World,OWID_WRL,2097,197,,
World,OWID_WRL,2098,197,,
World,OWID_WRL,2099,197,,
World,OWID_WRL,2100,197,,
